Date,FRESHWORKS,GOLD,PETROL,CURRENCY
2021-09-22,47.54999923706055,54.650001525878906,55.209999084472656,73.7927017211914
2021-09-23,47.540000915527344,54.04999923706055,57.08000183105469,73.8749008178711
2021-09-24,46.75,53.869998931884766,57.59000015258789,73.83999633789062
2021-09-27,44.04999923706055,53.900001525878906,59.29999923706055,73.81289672851562
2021-09-28,42.72999954223633,54.58000183105469,59.91999816894531,73.82530212402344
2021-09-29,42.27000045776367,53.709999084472656,59.880001068115234,74.16329956054688
2021-09-30,42.689998626708984,54.29999923706055,58.81999969482422,74.3219985961914
2021-10-01,41.88999938964844,53.560001373291016,60.93000030517578,74.25440216064453
2021-10-04,40.880001068115234,54.66999816894531,61.720001220703125,74.152099609375
2021-10-05,40.209999084472656,53.83000183105469,61.619998931884766,74.57279968261719
2021-10-06,39.2599983215332,54.529998779296875,60.4900016784668,74.56320190429688
2021-10-07,41.290000915527344,54.61000061035156,60.65999984741211,74.76000213623047
2021-10-08,42.58000183105469,54.310001373291016,62.18000030517578,74.83000183105469
2021-10-11,42.150001525878906,54.20000076293945,61.560001373291016,75.30580139160156
2021-10-12,42.2599983215332,54.779998779296875,61.2400016784668,75.40260314941406
2021-10-13,41.27000045776367,56.369998931884766,61.06999969482422,75.48390197753906
2021-10-14,41.68000030517578,57.77000045776367,62.0,75.3062973022461
2021-10-15,41.45000076293945,57.029998779296875,62.59000015258789,74.99500274658203
2021-10-18,40.75,56.380001068115234,62.560001373291016,75.00589752197266
2021-10-19,42.93000030517578,56.9900016784668,63.5,75.2354965209961
2021-10-20,45.16999816894531,57.15999984741211,63.849998474121094,75.12010192871094
2021-10-21,45.04999923706055,57.18000030517578,62.689998626708984,74.80919647216797
2021-10-22,46.91999816894531,57.61000061035156,63.119998931884766,74.86540222167969
2021-10-25,46.65999984741211,57.90999984741211,64.3499984741211,74.99369812011719
2021-10-26,43.650001525878906,57.70000076293945,65.83999633789062,75.08989715576172
2021-10-27,44.47999954223633,57.540000915527344,64.12999725341797,74.88890075683594
2021-10-28,46.380001068115234,54.91999816894531,64.30999755859375,75.05000305175781
2021-10-29,50.25,54.0,64.47000122070312,74.79720306396484
2021-11-01,48.20000076293945,54.29999923706055,65.62999725341797,74.92829895019531
2021-11-02,50.06999969482422,54.709999084472656,64.81999969482422,74.82990264892578
2021-11-03,43.060001373291016,55.119998931884766,63.93000030517578,74.71199798583984
2021-11-04,39.59000015258789,54.849998474121094,64.41000366210938,74.43550109863281
2021-11-05,38.290000915527344,56.36000061035156,65.0199966430664,74.47810363769531
2021-11-08,40.720001220703125,56.189998626708984,65.72000122070312,74.19110107421875
2021-11-09,39.0099983215332,56.75,66.36000061035156,73.91850280761719
2021-11-10,37.95000076293945,58.16999816894531,64.19000244140625,74.17479705810547
2021-11-11,38.40999984741211,58.849998474121094,64.30999755859375,74.40489959716797
2021-11-12,37.720001220703125,58.72999954223633,63.81999969482422,74.32209777832031
2021-11-15,34.70000076293945,58.970001220703125,64.37000274658203,74.33999633789062
2021-11-16,38.970001220703125,58.13999938964844,65.0199966430664,74.43509674072266
2021-11-17,38.72999954223633,57.95000076293945,64.30999755859375,74.45860290527344
2021-11-18,38.65999984741211,57.16999816894531,63.61000061035156,74.25980377197266
2021-11-19,38.310001373291016,56.54999923706055,60.66999816894531,74.17440032958984
2021-11-22,36.0,55.810001373291016,61.5099983215332,74.30259704589844
2021-11-23,34.36000061035156,55.4900016784668,63.130001068115234,74.42980194091797
2021-11-24,35.040000915527344,55.470001220703125,63.47999954223633,74.4469985961914
2021-11-26,35.54999923706055,55.939998626708984,61.25,74.50579833984375
2021-11-29,35.63999938964844,55.400001525878906,61.59000015258789,74.98159790039062
2021-11-30,35.220001220703125,54.91999816894531,59.84000015258789,75.05490112304688
2021-12-01,30.850000381469727,53.869998931884766,59.790000915527344,75.0509033203125
2021-12-02,32.29999923706055,53.27000045776367,61.279998779296875,75.01789855957031
2021-12-03,28.459999084472656,54.66999816894531,60.88999938964844,74.9834976196289
2021-12-06,26.6200008392334,55.83000183105469,61.58000183105469,75.23400115966797
2021-12-07,28.489999771118164,56.38999938964844,62.27000045776367,75.39129638671875
2021-12-08,29.030000686645508,56.36000061035156,62.45000076293945,75.40859985351562
2021-12-09,27.3700008392334,56.209999084472656,62.61000061035156,75.38330078125
2021-12-10,26.639999389648438,56.099998474121094,63.0099983215332,75.59919738769531
2021-12-13,25.799999237060547,57.16999816894531,61.630001068115234,75.70999908447266
2021-12-14,24.15999984741211,56.16999816894531,61.540000915527344,75.82689666748047
2021-12-15,27.030000686645508,54.22999954223633,61.27000045776367,76.04720306396484
2021-12-16,26.110000610351562,59.0,61.369998931884766,76.2114028930664
2021-12-17,27.020000457763672,59.2400016784668,60.029998779296875,76.1675033569336
2021-12-20,26.579999923706055,58.709999084472656,59.15999984741211,76.00599670410156
2021-12-21,29.450000762939453,58.18000030517578,60.5,75.75869750976562
2021-12-22,27.25,58.5,60.9900016784668,75.6864013671875
2021-12-23,27.940000534057617,59.529998779296875,61.02000045776367,75.45850372314453
2021-12-27,27.049999237060547,60.18000030517578,61.88999938964844,75.31500244140625
2021-12-28,25.049999237060547,60.290000915527344,61.689998626708984,74.98030090332031
2021-12-29,25.100000381469727,60.619998931884766,61.150001525878906,74.74500274658203
2021-12-30,26.149999618530273,61.59000015258789,60.790000915527344,74.57029724121094
2021-12-31,26.260000228881836,62.02000045776367,61.189998626708984,74.43119812011719
2022-01-03,25.6200008392334,60.97999954223633,63.540000915527344,74.51380157470703
2022-01-04,24.100000381469727,60.43000030517578,65.93000030517578,74.4032974243164
2022-01-05,21.75,60.33000183105469,66.75,74.53489685058594
2022-01-06,22.110000610351562,58.66999816894531,68.31999969482422,74.43009948730469
2022-01-07,22.799999237060547,59.43000030517578,68.87999725341797,74.41929626464844
2022-01-10,23.5,60.43000030517578,68.47000122070312,74.2699966430664
2022-01-11,24.489999771118164,60.90999984741211,71.3499984741211,74.05699920654297
2022-01-12,24.049999237060547,61.52000045776367,71.13999938964844,73.81529998779297
2022-01-13,22.549999237060547,61.31999969482422,70.62999725341797,73.79910278320312
2022-01-14,23.100000381469727,61.220001220703125,71.87000274658203,73.97229766845703
2022-01-18,22.700000762939453,61.25,73.08000183105469,74.25509643554688
2022-01-19,21.920000076293945,64.94999694824219,73.11000061035156,74.61969757080078
2022-01-20,22.110000610351562,63.84000015258789,73.2699966430664,74.44920349121094
2022-01-21,20.700000762939453,63.09000015258789,72.16999816894531,74.45220184326172
2022-01-24,21.040000915527344,63.08000183105469,72.79000091552734,74.41320037841797
2022-01-25,20.610000610351562,63.290000915527344,74.93000030517578,74.6447982788086
2022-01-26,21.459999084472656,61.689998626708984,74.16999816894531,74.77999877929688
2022-01-27,20.600000381469727,60.65999984741211,75.12000274658203,74.8949966430664
2022-01-28,20.31999969482422,59.86000061035156,75.27999877929688,75.20929718017578
2022-01-31,21.75,61.16999816894531,75.95999908447266,75.03900146484375
2022-02-01,22.530000686645508,61.33000183105469,80.83000183105469,74.55580139160156
2022-02-02,21.309999465942383,62.11000061035156,80.62000274658203,74.74549865722656
2022-02-03,19.010000228881836,61.79999923706055,79.68000030517578,74.82240295410156
2022-02-04,20.84000015258789,60.93000030517578,81.41000366210938,74.6438980102539
2022-02-07,22.079999923706055,63.369998931884766,82.38999938964844,74.64219665527344
2022-02-08,22.530000686645508,63.560001373291016,80.26000213623047,74.6583023071289
2022-02-09,23.489999771118164,63.150001525878906,79.0,74.69519805908203
2022-02-10,22.459999084472656,60.529998779296875,78.23999786376953,74.80889892578125
2022-02-11,18.40999984741211,63.86000061035156,80.20999908447266,75.53839874267578
2022-02-14,20.40999984741211,64.3499984741211,78.9800033569336,75.34100341796875
2022-02-15,22.149999618530273,63.279998779296875,77.98999786376953,75.6854019165039
2022-02-16,21.850000381469727,64.27999877929688,78.3499984741211,75.17479705810547
2022-02-17,19.25,67.75,78.2300033569336,75.04199981689453
2022-02-18,18.969999313354492,67.66999816894531,77.36000061035156,75.06300354003906
2022-02-22,18.600000381469727,67.16999816894531,76.45999908447266,74.51699829101562
2022-02-23,16.75,68.25,76.7699966430664,74.62300109863281
2022-02-24,17.6299991607666,66.72000122070312,75.80000305175781,74.63300323486328
2022-02-25,17.969999313354492,67.9000015258789,77.83999633789062,75.4083023071289
2022-02-28,18.31999969482422,66.19999694824219,78.41999816894531,75.06800079345703
2022-03-01,19.190000534057617,69.01000213623047,79.16999816894531,75.28479766845703
2022-03-02,18.93000030517578,69.79000091552734,80.52999877929688,75.80120086669922
2022-03-03,17.639999389648438,70.68000030517578,81.04000091552734,75.63099670410156
2022-03-04,17.020000457763672,74.27999877929688,84.08999633789062,75.8917007446289
2022-03-07,15.899999618530273,77.8499984741211,87.12000274658203,76.41799926757812
2022-03-08,16.3700008392334,77.61000061035156,87.77999877929688,77.08080291748047
2022-03-09,18.229999542236328,75.97000122070312,82.79000091552734,76.91449737548828
2022-03-10,17.8700008392334,77.27999877929688,85.36000061035156,76.13490295410156
2022-03-11,17.209999084472656,76.88999938964844,84.91999816894531,76.310302734375
2022-03-14,16.899999618530273,73.73999786376953,81.87999725341797,76.75370025634766
2022-03-15,16.93000030517578,73.37000274658203,77.22000122070312,76.49009704589844
2022-03-16,18.520000457763672,72.61000061035156,76.93000030517578,76.26589965820312
2022-03-17,19.149999618530273,73.30999755859375,78.9800033569336,76.02420043945312
2022-03-18,20.059999465942383,73.95999908447266,78.66999816894531,75.98159790039062
2022-03-21,20.040000915527344,76.30000305175781,82.19999694824219,75.94640350341797
2022-03-22,20.110000610351562,76.02999877929688,81.83999633789062,76.30709838867188
2022-03-23,20.520000457763672,78.91000366210938,83.12999725341797,76.10189819335938
2022-03-24,19.559999465942383,78.2300033569336,83.37999725341797,76.55239868164062
2022-03-25,20.100000381469727,78.94999694824219,85.19999694824219,76.32350158691406
2022-03-28,20.610000610351562,78.13999938964844,82.80999755859375,76.27850341796875
2022-03-29,20.780000686645508,78.55000305175781,82.37000274658203,76.03410339355469
2022-03-30,19.940000534057617,79.95999908447266,83.77999877929688,75.66670227050781
2022-03-31,17.920000076293945,79.44999694824219,82.58999633789062,75.82779693603516
2022-04-01,17.959999084472656,82.77999877929688,83.12000274658203,75.9092025756836
2022-04-04,19.690000534057617,81.25,83.16000366210938,75.99479675292969
2022-04-05,18.579999923706055,79.86000061035156,82.7300033569336,75.47799682617188
2022-04-06,17.639999389648438,79.54000091552734,83.6500015258789,75.45069885253906
2022-04-07,17.020000457763672,81.02999877929688,85.05000305175781,75.94509887695312
2022-04-08,16.440000534057617,82.12000274658203,86.83999633789062,75.91320037841797
2022-04-11,17.709999084472656,81.33999633789062,83.8499984741211,75.91729736328125
2022-04-12,18.3799991607666,82.5,85.5999984741211,75.83699798583984
2022-04-13,19.06999969482422,84.30000305175781,86.80999755859375,76.1498031616211
2022-04-14,19.1200008392334,84.7699966430664,87.83000183105469,76.12169647216797
2022-04-18,18.190000534057617,85.41999816894531,88.55000305175781,76.3313980102539
2022-04-19,19.610000610351562,82.86000061035156,87.76000213623047,76.28019714355469
2022-04-20,18.360000610351562,82.58999633789062,87.95999908447266,76.44539642333984
2022-04-21,17.860000610351562,77.05999755859375,87.02999877929688,76.27619934082031
2022-04-22,17.780000686645508,74.5199966430664,85.12999725341797,76.28520202636719
2022-04-25,18.81999969482422,72.61000061035156,82.26000213623047,76.4635009765625
2022-04-26,17.420000076293945,72.12999725341797,82.29000091552734,76.52780151367188
2022-04-27,17.600000381469727,72.12999725341797,84.63999938964844,76.79409790039062
2022-04-28,18.940000534057617,73.27999877929688,87.19999694824219,76.47219848632812
2022-04-29,18.170000076293945,72.8499984741211,85.25,76.58899688720703
2022-05-02,18.110000610351562,72.30999755859375,86.41000366210938,76.52310180664062
2022-05-03,16.959999084472656,72.23999786376953,88.19000244140625,76.52410125732422
2022-05-04,16.81999969482422,73.38999938964844,91.69999694824219,76.46730041503906
2022-05-05,15.989999771118164,72.33999633789062,90.30999755859375,76.00160217285156
2022-05-06,15.770000457763672,72.87000274658203,91.69000244140625,76.54180145263672
2022-05-09,14.069999694824219,68.91999816894531,84.45999908447266,76.9574966430664
2022-05-10,14.479999542236328,68.2699966430664,85.0199966430664,77.3655014038086
2022-05-11,13.5,68.41999816894531,86.79000091552734,77.27140045166016
2022-05-12,14.539999961853027,65.3499984741211,86.30000305175781,77.41840362548828
2022-05-13,16.190000534057617,65.25,88.86000061035156,77.44380187988281
2022-05-16,15.319999694824219,65.44999694824219,90.94999694824219,77.48629760742188
2022-05-17,15.5600004196167,65.5,92.11000061035156,77.8053970336914
2022-05-18,15.140000343322754,63.880001068115234,90.6500015258789,77.37239837646484
2022-05-19,15.800000190734863,66.11000061035156,91.13999938964844,77.81999969482422
2022-05-20,15.880000114440918,67.19000244140625,91.86000061035156,77.42109680175781
2022-05-23,15.6899995803833,67.43000030517578,93.88999938964844,77.81839752197266
2022-05-24,13.859999656677246,69.0199966430664,94.4000015258789,77.52680206298828
2022-05-25,14.15999984741211,69.54000091552734,96.30000305175781,77.47879791259766
2022-05-26,14.520000457763672,68.70999908447266,96.63999938964844,77.49729919433594
2022-05-27,16.09000015258789,68.70999908447266,97.58999633789062,77.63020324707031
2022-05-31,15.760000228881836,67.8499984741211,96.0,77.5208969116211
2022-06-01,15.319999694824219,67.2699966430664,97.83999633789062,77.5989990234375
2022-06-02,16.25,68.79000091552734,97.66999816894531,77.58409881591797
2022-06-03,15.359999656677246,67.81999969482422,99.08999633789062,77.3604965209961
2022-06-06,15.479999542236328,67.86000061035156,98.83999633789062,77.69419860839844
2022-06-07,15.079999923706055,68.37999725341797,103.37000274658203,77.82099914550781
2022-06-08,15.649999618530273,67.16999816894531,104.58999633789062,77.67060089111328
2022-06-09,14.319999694824219,64.58000183105469,102.33000183105469,77.72429656982422
2022-06-10,12.350000381469727,66.8499984741211,100.45999908447266,77.8187026977539
2022-06-13,11.34000015258789,64.6500015258789,95.8499984741211,78.17759704589844
2022-06-14,11.0,63.09000015258789,96.0999984741211,78.16059875488281
2022-06-15,11.1899995803833,62.68000030517578,94.88999938964844,77.9854965209961
2022-06-16,10.880000114440918,64.70999908447266,91.38999938964844,77.90019989013672
2022-06-17,11.300000190734863,63.7599983215332,86.12000274658203,77.97769927978516
2022-06-21,11.449999809265137,65.16999816894531,91.4800033569336,77.93399810791016
2022-06-22,11.170000076293945,64.58000183105469,87.86000061035156,78.13490295410156
2022-06-23,12.029999732971191,62.86000061035156,85.20999908447266,78.19309997558594
2022-06-24,13.5,64.18000030517578,86.9000015258789,78.14240264892578
2022-06-27,13.460000038146973,63.83000183105469,89.02999877929688,78.2522964477539
2022-06-28,13.079999923706055,62.959999084472656,91.5,78.44110107421875
2022-06-29,13.079999923706055,61.9900016784668,88.12000274658203,79.07319641113281
2022-06-30,13.149999618530273,59.66999816894531,85.63999938964844,78.89830017089844
2022-07-01,13.470000267028809,61.16999816894531,87.55000305175781,78.96299743652344
2022-07-05,14.770000457763672,59.709999084472656,84.80999755859375,78.93949890136719
2022-07-06,14.859999656677246,59.45000076293945,83.27999877929688,79.36840057373047
2022-07-07,15.220000267028809,59.869998931884766,85.94000244140625,79.04389953613281
2022-07-08,15.279999732971191,59.36000061035156,86.08000183105469,79.22160339355469
2022-07-11,14.890000343322754,58.790000915527344,85.63999938964844,79.3313980102539
2022-07-12,13.119999885559082,57.939998626708984,84.5,79.47779846191406
2022-07-13,12.770000457763672,58.189998626708984,84.83999633789062,79.47640228271484
2022-07-14,11.989999771118164,54.9900016784668,83.13999938964844,79.80750274658203
2022-07-15,12.25,54.72999954223633,84.54000091552734,79.87830352783203
2022-07-18,12.640000343322754,54.810001373291016,86.0999984741211,79.72049713134766
2022-07-19,12.829999923706055,54.650001525878906,88.2699966430664,80.0302963256836
2022-07-20,13.75,52.310001373291016,89.23999786376953,79.85590362548828
2022-07-21,13.8100004196167,52.09000015258789,87.75,80.00340270996094
2022-07-22,13.029999732971191,51.38999938964844,87.08000183105469,79.7759017944336
2022-07-25,12.510000228881836,44.59000015258789,89.9800033569336,79.87680053710938
2022-07-26,11.720000267028809,46.13999938964844,89.62999725341797,79.72250366210938
2022-07-27,12.5,45.61000061035156,91.56999969482422,79.84120178222656
2022-07-28,12.829999923706055,45.810001373291016,92.63999938964844,79.84739685058594
2022-07-29,13.109999656677246,45.279998779296875,96.93000030517578,79.57150268554688
2022-08-01,13.470000267028809,44.939998626708984,94.4800033569336,79.1948013305664
2022-08-02,13.949999809265137,44.84000015258789,94.06999969482422,78.95570373535156
2022-08-03,15.119999885559082,44.400001525878906,91.0199966430664,78.60449981689453
2022-08-04,15.399999618530273,45.279998779296875,87.19000244140625,79.11830139160156
2022-08-05,15.3100004196167,44.77000045776367,88.44999694824219,79.15489959716797
2022-08-08,15.899999618530273,44.779998779296875,88.94999694824219,79.41059875488281
2022-08-09,15.010000228881836,45.29999923706055,90.58999633789062,79.60189819335938
2022-08-10,16.450000762939453,45.7400016784668,91.44999694824219,79.57839965820312
2022-08-11,16.329999923706055,45.29999923706055,93.19000244140625,79.0978012084961
2022-08-12,16.829999923706055,46.54999923706055,94.0,79.61399841308594
2022-08-15,16.3700008392334,45.939998626708984,92.31999969482422,79.62760162353516
2022-08-16,16.3799991607666,46.04999923706055,91.45999908447266,79.55290222167969
2022-08-17,15.770000457763672,44.900001525878906,92.19999694824219,79.14600372314453
2022-08-18,15.649999618530273,44.650001525878906,94.37999725341797,79.35970306396484
2022-08-19,14.390000343322754,43.529998779296875,94.08000183105469,79.7667007446289
2022-08-22,13.630000114440918,43.81999969482422,94.01000213623047,79.91790008544922
2022-08-23,13.989999771118164,44.54999923706055,98.0,79.88379669189453
2022-08-24,14.15999984741211,44.79999923706055,98.58000183105469,79.85449981689453
2022-08-25,14.569999694824219,45.13999938964844,99.08999633789062,79.79679870605469
2022-08-26,13.989999771118164,43.220001220703125,97.87000274658203,79.88289642333984
2022-08-29,13.479999542236328,42.810001373291016,100.12000274658203,79.95909881591797
2022-08-30,13.5,42.20000076293945,96.30999755859375,79.96790313720703
2022-08-31,13.609999656677246,41.36000061035156,95.58999633789062,79.68229675292969
2022-09-01,13.380000114440918,40.90999984741211,93.87000274658203,79.54879760742188
2022-09-02,13.300000190734863,41.66999816894531,95.58999633789062,79.716796875
2022-09-06,13.399999618530273,41.709999084472656,94.94999694824219,79.78299713134766
2022-09-07,13.359999656677246,42.349998474121094,94.13999938964844,79.89510345458984
2022-09-08,13.869999885559082,42.38999938964844,94.91000366210938,79.6498031616211
2022-09-09,14.470000267028809,43.16999816894531,96.5,79.706298828125
2022-09-12,15.119999885559082,43.95000076293945,97.61000061035156,79.65579986572266
2022-09-13,14.40999984741211,43.029998779296875,95.33000183105469,79.35530090332031
2022-09-14,15.84000015258789,42.93000030517578,97.66999816894531,79.60240173339844
2022-09-15,15.609999656677246,42.400001525878906,94.83000183105469,79.45369720458984
2022-09-16,14.779999732971191,43.709999084472656,93.20999908447266,79.8490982055664
2022-09-19,14.850000381469727,44.27000045776367,93.19999694824219,79.68949890136719
2022-09-20,14.539999961853027,42.79999923706055,92.44000244140625,79.7074966430664
2022-09-21,14.039999961853027,42.400001525878906,90.94999694824219,79.76270294189453
2022-09-22,13.390000343322754,42.5,90.56999969482422,80.05069732666016
2022-09-23,13.270000457763672,41.25,85.75,81.06220245361328
2022-09-26,12.90999984741211,40.59000015258789,83.9800033569336,81.25479888916016
2022-09-27,13.520000457763672,40.27000045776367,85.73999786376953,81.61579895019531
2022-09-28,14.229999542236328,42.189998626708984,88.86000061035156,81.72460174560547
2022-09-29,13.5,41.7599983215332,88.68000030517578,81.42870330810547
2022-09-30,12.970000267028809,42.029998779296875,87.30999755859375,81.48059844970703
2022-10-03,13.899999618530273,43.709999084472656,91.91999816894531,81.52130126953125
2022-10-04,14.869999885559082,44.529998779296875,95.2699966430664,81.49500274658203
2022-10-05,14.930000305175781,43.900001525878906,99.12000274658203,81.46549987792969
2022-10-06,14.670000076293945,44.88999938964844,102.05999755859375,81.6488037109375
2022-10-07,13.65999984741211,42.599998474121094,101.02999877929688,82.3489990234375
2022-10-10,12.850000381469727,42.279998779296875,98.83999633789062,82.8322982788086
2022-10-11,12.9399995803833,41.81999969482422,98.0,82.42070007324219
2022-10-12,12.920000076293945,41.90999984741211,98.43000030517578,82.2739028930664
2022-10-13,12.979999542236328,41.619998931884766,101.87000274658203,82.19999694824219
2022-10-14,12.520000457763672,40.7400016784668,99.19000244140625,82.19210052490234
2022-10-17,13.40999984741211,41.310001373291016,100.62000274658203,82.41280364990234
2022-10-18,13.6899995803833,41.70000076293945,100.80000305175781,82.1947021484375
2022-10-19,12.989999771118164,40.369998931884766,103.79000091552734,82.2863998413086
2022-10-20,13.069999694824219,41.13999938964844,103.93000030517578,82.99700164794922
2022-10-21,13.229999542236328,42.369998931884766,105.86000061035156,82.82569885253906
2022-10-24,12.789999961853027,42.08000183105469,106.5999984741211,82.54129791259766
2022-10-25,13.84000015258789,42.720001220703125,105.87999725341797,82.7614974975586
2022-10-26,13.15999984741211,43.77000045776367,107.13999938964844,82.44529724121094
2022-10-27,13.680000305175781,43.060001373291016,107.55000305175781,82.04959869384766
2022-10-28,13.779999732971191,42.86000061035156,110.69999694824219,82.44249725341797
2022-10-31,13.59000015258789,42.31999969482422,110.80999755859375,82.23919677734375
2022-11-01,13.15999984741211,41.709999084472656,111.91000366210938,82.72899627685547
2022-11-02,12.239999771118164,39.529998779296875,109.61000061035156,82.68450164794922
2022-11-03,12.489999771118164,37.790000915527344,111.0999984741211,82.88839721679688
2022-11-04,12.319999694824219,40.9900016784668,112.30999755859375,82.68180084228516
2022-11-07,12.930000305175781,41.31999969482422,113.63999938964844,81.9749984741211
2022-11-08,13.550000190734863,43.75,114.0,81.82599639892578
2022-11-09,12.800000190734863,43.33000183105469,108.9000015258789,81.40519714355469
2022-11-10,14.109999656677246,46.40999984741211,110.5,81.34380340576172
2022-11-11,14.729999542236328,46.529998779296875,113.94999694824219,80.48290252685547
2022-11-14,14.260000228881836,46.290000915527344,113.37000274658203,80.49700164794922
2022-11-15,14.850000381469727,45.689998626708984,114.12999725341797,80.99199676513672
2022-11-16,13.960000038146973,45.4900016784668,112.91000366210938,81.07140350341797
2022-11-17,13.079999923706055,44.66999816894531,113.05999755859375,81.49530029296875
2022-11-18,12.970000267028809,45.130001068115234,112.08000183105469,81.52490234375
2022-11-21,12.75,45.0,110.97000122070312,81.5198974609375
2022-11-22,13.029999732971191,46.130001068115234,114.18000030517578,81.72769927978516
2022-11-23,13.930000305175781,46.25,113.61000061035156,81.71499633789062
2022-11-25,14.0,45.849998474121094,113.20999908447266,81.65540313720703
2022-11-28,14.279999732971191,44.31999969482422,109.80999755859375,81.6697006225586
2022-11-29,14.050000190734863,45.7599983215332,110.54000091552734,81.65029907226562
2022-11-30,14.779999732971191,47.470001220703125,111.33999633789062,81.63089752197266
2022-12-01,15.1899995803833,48.56999969482422,110.80000305175781,81.3052978515625
2022-12-02,15.1899995803833,48.66999816894531,109.86000061035156,81.16220092773438
2022-12-05,14.220000267028809,47.470001220703125,106.8499984741211,81.42250061035156
2022-12-06,13.779999732971191,47.119998931884766,103.87999725341797,81.89900207519531
2022-12-07,14.010000228881836,47.189998626708984,103.6500015258789,82.37220001220703
2022-12-08,14.880000114440918,47.119998931884766,104.41999816894531,82.25350189208984
2022-12-09,14.720000267028809,46.400001525878906,103.54000091552734,82.2791976928711
2022-12-12,15.579999923706055,46.400001525878906,106.08999633789062,82.41300201416016
2022-12-13,14.960000038146973,47.150001525878906,107.25,82.64469909667969
2022-12-14,15.149999618530273,47.11000061035156,106.45999908447266,82.40249633789062
2022-12-15,14.630000114440918,45.56999969482422,105.44000244140625,82.50800323486328
2022-12-16,14.680000305175781,46.13999938964844,104.69999694824219,82.85790252685547
2022-12-19,14.0600004196167,45.599998474121094,105.16999816894531,82.72599792480469
2022-12-20,14.5,47.619998931884766,106.69000244140625,82.58190155029297
2022-12-21,14.609999656677246,47.31999969482422,108.05999755859375,82.63690185546875
2022-12-22,14.0600004196167,47.5,105.87999725341797,82.87860107421875
2022-12-23,13.84000015258789,47.849998474121094,108.68000030517578,82.8749008178711
2022-12-27,13.779999732971191,48.75,110.19000244140625,82.90290069580078
2022-12-28,13.760000228881836,47.369998931884766,108.37999725341797,82.7761001586914
2022-12-29,14.520000457763672,47.36000061035156,109.19999694824219,82.85199737548828
2022-12-30,14.710000038146973,47.20000076293945,110.30000305175781,82.83509826660156
2023-01-03,14.829999923706055,49.58000183105469,106.51000213623047,82.70600128173828
2023-01-04,14.90999984741211,51.5099983215332,106.81999969482422,82.78569793701172
2023-01-05,14.319999694824219,51.209999084472656,109.20999908447266,82.66649627685547
2023-01-06,14.25,52.689998626708984,110.52999877929688,82.64520263671875
2023-01-09,14.350000381469727,52.220001220703125,108.47000122070312,82.27339935302734
2023-01-10,14.3100004196167,53.150001525878906,110.08999633789062,82.18009948730469
2023-01-11,14.5600004196167,52.459999084472656,111.37000274658203,81.63739776611328
2023-01-12,14.90999984741211,53.400001525878906,113.22000122070312,81.63179779052734
2023-01-13,15.069999694824219,54.349998474121094,113.1500015258789,81.1156005859375
2023-01-17,16.200000762939453,52.470001220703125,112.93000030517578,81.65260314941406
2023-01-18,15.720000267028809,51.529998779296875,110.61000061035156,81.52549743652344
2023-01-19,15.170000076293945,52.470001220703125,111.31999969482422,81.43599700927734
2023-01-20,15.0,53.34000015258789,113.3499984741211,81.23979949951172
2023-01-23,15.229999542236328,53.630001068115234,112.76000213623047,80.97599792480469
2023-01-24,15.3100004196167,53.38999938964844,113.80999755859375,81.48799896240234
2023-01-25,15.319999694824219,55.09000015258789,113.20999908447266,81.60189819335938
2023-01-26,15.949999809265137,54.130001068115234,117.76000213623047,81.50270080566406
2023-01-27,16.889999389648438,53.31999969482422,115.61000061035156,81.44509887695312
2023-01-30,16.270000457763672,52.7400016784668,113.55999755859375,81.50800323486328
2023-01-31,16.18000030517578,52.93000030517578,116.01000213623047,81.57990264892578
2023-02-01,16.959999084472656,54.189998626708984,114.73999786376953,81.76840209960938
2023-02-02,17.56999969482422,52.43000030517578,111.1500015258789,81.71029663085938
2023-02-03,16.260000228881836,49.849998474121094,111.91999816894531,82.0458984375
2023-02-06,16.270000457763672,47.599998474121094,111.7300033569336,82.22599792480469
2023-02-07,16.389999389648438,48.720001220703125,114.91999816894531,82.75499725341797
2023-02-08,16.93000030517578,48.349998474121094,113.91999816894531,82.74189758300781
2023-02-09,15.789999961853027,47.58000183105469,114.3499984741211,82.65950012207031
2023-02-10,15.819999694824219,47.97999954223633,119.16999816894531,82.533203125
2023-02-13,15.970000267028809,48.29999923706055,117.80000305175781,82.51300048828125
2023-02-14,16.579999923706055,47.0099983215332,116.41999816894531,82.59739685058594
2023-02-15,16.559999465942383,46.29999923706055,116.06999969482422,82.86759948730469
2023-02-16,15.770000457763672,45.849998474121094,115.7300033569336,82.73770141601562
2023-02-17,15.760000228881836,45.41999816894531,111.27999877929688,82.69529724121094
2023-02-21,15.300000190734863,45.16999816894531,111.16999816894531,82.69750213623047
2023-02-22,15.3100004196167,44.22999954223633,109.7300033569336,82.86119842529297
2023-02-23,15.34000015258789,44.2599983215332,110.73999786376953,82.83529663085938
2023-02-24,14.890000343322754,43.540000915527344,110.75,82.6178970336914
2023-02-27,14.899999618530273,43.34000015258789,110.55000305175781,82.91799926757812
2023-02-28,14.9399995803833,43.61000061035156,109.91000366210938,82.6520004272461
2023-03-01,14.5,44.099998474121094,110.88999938964844,82.6353988647461
2023-03-02,14.760000228881836,43.939998626708984,111.4000015258789,82.4198989868164
2023-03-03,15.5600004196167,44.70000076293945,112.80999755859375,82.35569763183594
2023-03-06,15.59000015258789,44.220001220703125,113.80999755859375,81.7125015258789
2023-03-07,15.510000228881836,42.5,111.61000061035156,81.85440063476562
2023-03-08,15.399999618530273,42.15999984741211,109.9800033569336,82.07460021972656
2023-03-09,14.619999885559082,41.7400016784668,109.12999725341797,81.9645004272461
2023-03-10,13.640000343322754,42.15999984741211,107.77999877929688,82.01840209960938
2023-03-13,14.010000228881836,45.119998931884766,106.54000091552734,81.95800018310547
2023-03-14,14.430000305175781,44.869998931884766,106.94000244140625,82.41739654541016
2023-03-15,14.300000190734863,46.11000061035156,101.62000274658203,82.30490112304688
2023-03-16,14.010000228881836,45.779998779296875,101.02999877929688,82.7156982421875
2023-03-17,13.729999542236328,48.16999816894531,99.83999633789062,82.622802734375
2023-03-20,13.510000228881836,47.81999969482422,102.44999694824219,82.53299713134766
2023-03-21,13.949999809265137,46.599998474121094,107.04000091552734,82.52909851074219
2023-03-22,13.420000076293945,46.63999938964844,104.58999633789062,82.677001953125
2023-03-23,13.84000015258789,47.790000915527344,103.41000366210938,82.52580261230469
2023-03-24,13.84000015258789,48.54999923706055,103.52999877929688,82.26529693603516
2023-03-27,13.84000015258789,48.209999084472656,105.80000305175781,82.33879852294922
2023-03-28,14.050000190734863,48.65999984741211,107.12000274658203,82.21489715576172
2023-03-29,14.4399995803833,48.34000015258789,108.95999908447266,82.16429901123047
2023-03-30,14.739999771118164,48.84000015258789,109.48999786376953,82.25540161132812
2023-03-31,15.359999656677246,49.02000045776367,109.66000366210938,82.10050201416016
2023-04-03,15.220000267028809,49.470001220703125,116.12999725341797,82.18479919433594
2023-04-04,15.170000076293945,51.349998474121094,115.0199966430664,82.14089965820312
2023-04-05,14.539999961853027,52.06999969482422,116.98999786376953,82.11479949951172
2023-04-06,14.8100004196167,52.04999923706055,115.05000305175781,81.94999694824219
2023-04-10,14.770000457763672,51.09000015258789,114.54000091552734,81.88480377197266
2023-04-11,14.40999984741211,49.91999816894531,115.3499984741211,81.98390197753906
2023-04-12,14.130000114440918,49.709999084472656,115.2300033569336,82.07009887695312
2023-04-13,14.289999961853027,51.02000045776367,115.7699966430664,81.96060180664062
2023-04-14,13.989999771118164,49.52000045776367,116.05000305175781,81.68070220947266
2023-04-17,14.6899995803833,48.470001220703125,114.69999694824219,81.84480285644531
2023-04-18,14.699999809265137,48.86000061035156,116.94000244140625,82.00370025634766
2023-04-19,14.800000190734863,48.2599983215332,116.56999969482422,82.10790252685547
2023-04-20,14.90999984741211,47.880001068115234,115.63999938964844,82.34010314941406
2023-04-21,15.100000381469727,47.619998931884766,116.01000213623047,82.14089965820312
2023-04-24,14.329999923706055,48.02000045776367,118.19999694824219,82.05480194091797
2023-04-25,13.449999809265137,48.20000076293945,116.5199966430664,81.85230255126953
2023-04-26,13.699999809265137,47.150001525878906,115.44999694824219,81.9916000366211
2023-04-27,13.779999732971191,48.27000045776367,116.83000183105469,81.76689910888672
2023-04-28,13.359999656677246,47.400001525878906,118.33999633789062,81.76509857177734
2023-05-01,13.279999732971191,46.93000030517578,114.66999816894531,81.74479675292969
2023-05-02,12.850000381469727,48.060001373291016,110.0999984741211,81.77469635009766
2023-05-03,12.890000343322754,47.4900016784668,107.93000030517578,81.77870178222656
2023-05-04,12.579999923706055,49.40999984741211,106.04000091552734,81.77999877929688
2023-05-05,13.130000114440918,48.720001220703125,108.68000030517578,81.71610260009766
2023-05-08,13.479999542236328,48.290000915527344,109.11000061035156,81.72979736328125
2023-05-09,13.430000305175781,48.150001525878906,109.13999938964844,81.78710174560547
2023-05-10,13.649999618530273,47.810001373291016,107.73999786376953,82.1050033569336
2023-05-11,13.680000305175781,45.880001068115234,105.79000091552734,81.9198989868164
2023-05-12,14.100000381469727,45.939998626708984,105.77999877929688,82.10030364990234
2023-05-15,14.739999771118164,47.09000015258789,105.06999969482422,82.20030212402344
2023-05-16,14.399999618530273,45.119998931884766,102.5199966430664,82.2667007446289
2023-05-17,14.609999656677246,44.75,104.81999969482422,82.2959976196289
2023-05-18,15.34000015258789,43.27000045776367,105.7699966430664,82.45030212402344
2023-05-19,15.34000015258789,43.65999984741211,106.26000213623047,82.72509765625
2023-05-22,15.600000381469727,43.33000183105469,104.97000122070312,82.90480041503906
2023-05-23,15.229999542236328,42.4900016784668,106.4000015258789,82.82499694824219
2023-05-24,15.130000114440918,41.810001373291016,107.58999633789062,82.8906021118164
2023-05-25,14.4399995803833,40.63999938964844,105.66000366210938,82.71369934082031
2023-05-26,14.65999984741211,40.68000030517578,104.97000122070312,82.74210357666016
2023-05-30,14.850000381469727,40.400001525878906,104.04000091552734,82.57969665527344
2023-05-31,15.760000228881836,40.54999923706055,102.18000030517578,82.68389892578125
2023-06-01,15.479999542236328,42.470001220703125,103.36000061035156,82.66680145263672
2023-06-02,15.65999984741211,42.09000015258789,105.76000213623047,82.27670288085938
2023-06-05,15.760000228881836,41.91999816894531,105.29000091552734,82.40979766845703
2023-06-06,16.1299991607666,41.9900016784668,106.1500015258789,82.51119995117188
2023-06-07,15.90999984741211,41.900001525878906,108.52999877929688,82.51719665527344
2023-06-08,15.699999809265137,42.040000915527344,108.19000244140625,82.61810302734375
2023-06-09,15.670000076293945,41.459999084472656,107.38999938964844,82.48829650878906
2023-06-12,16.170000076293945,42.040000915527344,106.41999816894531,82.4448013305664
2023-06-13,16.729999542236328,42.439998626708984,106.44000244140625,82.33719635009766
2023-06-14,17.1299991607666,42.099998474121094,105.16000366210938,82.29039764404297
2023-06-15,17.219999313354492,42.70000076293945,105.88999938964844,82.04499816894531
2023-06-16,16.719999313354492,43.83000183105469,105.12999725341797,81.9126968383789
2023-06-20,16.940000534057617,43.099998474121094,102.72000122070312,81.98139953613281
2023-06-21,16.309999465942383,42.58000183105469,103.87000274658203,81.9917984008789
2023-06-22,16.520000457763672,42.150001525878906,103.30000305175781,81.94149780273438
2023-06-23,16.209999084472656,41.58000183105469,102.4000015258789,81.91929626464844
2023-06-26,15.880000114440918,42.75,104.29000091552734,81.98480224609375
2023-06-27,16.700000762939453,42.459999084472656,104.55000305175781,82.00650024414062
2023-06-28,17.200000762939453,41.18000030517578,105.4000015258789,81.99839782714844
2023-06-29,17.600000381469727,41.95000076293945,106.69999694824219,82.02649688720703
2023-06-30,17.579999923706055,42.65999984741211,107.25,82.07540130615234
2023-07-03,17.610000610351562,43.040000915527344,107.45999908447266,82.09629821777344
2023-07-05,16.5,42.150001525878906,106.91000366210938,82.0071029663086
2023-07-06,16.170000076293945,41.540000915527344,102.91999816894531,82.39409637451172
2023-07-07,16.299999237060547,42.2400016784668,103.16000366210938,82.76840209960938
2023-07-10,16.540000915527344,42.61000061035156,104.69000244140625,82.61530303955078
2023-07-11,17.09000015258789,43.310001373291016,105.97000122070312,82.52529907226562
2023-07-12,17.40999984741211,45.209999084472656,106.48999786376953,82.39990234375
2023-07-13,17.649999618530273,45.470001220703125,104.54000091552734,82.00180053710938
2023-07-14,17.559999465942383,44.97999954223633,100.94000244140625,82.03079986572266
2023-07-17,17.6200008392334,44.619998931884766,101.37999725341797,82.07679748535156
2023-07-18,17.65999984741211,44.97999954223633,100.91999816894531,82.06159973144531
2023-07-19,18.079999923706055,45.18000030517578,101.62000274658203,82.07540130615234
2023-07-20,17.549999237060547,42.45000076293945,103.41000366210938,82.06169891357422
2023-07-21,16.969999313354492,43.209999084472656,103.88999938964844,82.0823974609375
2023-07-24,16.809999465942383,43.22999954223633,105.5199966430664,81.99030303955078
2023-07-25,17.0,43.61000061035156,105.68000030517578,81.81420135498047
2023-07-26,17.40999984741211,43.45000076293945,105.08999633789062,81.95010375976562
2023-07-27,17.290000915527344,42.11000061035156,105.41999816894531,81.97550201416016
2023-07-28,17.6200008392334,42.41999816894531,104.16000366210938,82.3749008178711
2023-07-31,18.65999984741211,42.91999816894531,107.23999786376953,82.25279998779297
2023-08-01,18.239999771118164,41.709999084472656,106.62000274658203,82.2332992553711
2023-08-02,21.610000610351562,40.65999984741211,105.29000091552734,82.30729675292969
2023-08-03,21.3799991607666,40.439998626708984,107.12000274658203,82.7332992553711
2023-08-04,20.920000076293945,40.869998931884766,107.41999816894531,82.7843017578125
2023-08-07,21.709999084472656,40.47999954223633,107.19999694824219,82.69529724121094
2023-08-08,21.450000762939453,39.84000015258789,107.7300033569336,82.74829864501953
2023-08-09,21.899999618530273,39.90999984741211,109.55999755859375,82.84500122070312
2023-08-10,22.5,39.84000015258789,110.12000274658203,82.86630249023438
2023-08-11,22.479999542236328,40.189998626708984,111.83000183105469,82.79989624023438
2023-08-14,22.760000228881836,39.459999084472656,111.91999816894531,82.89730072021484
2023-08-15,22.40999984741211,38.470001220703125,108.16000366210938,83.2333984375
2023-08-16,22.079999923706055,38.290000915527344,106.33999633789062,83.19419860839844
2023-08-17,21.100000381469727,38.65999984741211,108.4000015258789,83.23699951171875
2023-08-18,21.450000762939453,38.20000076293945,110.04000091552734,83.09829711914062
2023-08-21,21.040000915527344,38.25,108.70999908447266,83.16729736328125
2023-08-22,20.899999618530273,38.599998474121094,108.0999984741211,83.1135025024414
2023-08-23,20.790000915527344,39.189998626708984,107.1500015258789,83.07330322265625
2023-08-24,20.670000076293945,39.060001373291016,106.3499984741211,82.5447006225586
2023-08-25,21.149999618530273,38.310001373291016,108.25,82.64140319824219
2023-08-28,21.200000762939453,39.040000915527344,109.16000366210938,82.66429901123047
2023-08-29,21.389999389648438,39.52000045776367,109.80999755859375,82.69149780273438
2023-08-30,21.889999389648438,39.7599983215332,110.87999725341797,82.49469757080078
2023-08-31,21.8700008392334,39.41999816894531,111.19000244140625,82.70040130615234
2023-09-01,22.299999237060547,39.31999969482422,113.5199966430664,82.68240356445312
2023-09-05,22.229999542236328,38.84000015258789,113.52999877929688,82.7345962524414
2023-09-06,22.940000534057617,38.5,114.51000213623047,83.08609771728516
2023-09-07,23.1200008392334,38.36000061035156,113.94999694824219,83.25740051269531
2023-09-08,21.899999618530273,38.72999954223633,115.61000061035156,83.24150085449219
2023-09-11,22.229999542236328,38.90999984741211,114.16000366210938,83.03130340576172
2023-09-12,21.68000030517578,38.81999969482422,117.48999786376953,82.94329833984375
2023-09-13,20.950000762939453,39.2599983215332,116.44000244140625,82.84300231933594
2023-09-14,20.559999465942383,39.52000045776367,118.5199966430664,82.93679809570312
2023-09-15,20.010000228881836,40.33000183105469,116.69999694824219,83.0282974243164
2023-09-18,19.889999389648438,40.470001220703125,117.63999938964844,83.08580017089844
2023-09-19,19.979999542236328,40.290000915527344,117.33000183105469,83.25489807128906
2023-09-20,20.09000015258789,40.95000076293945,116.4000015258789,83.19499969482422
2023-09-21,19.5,40.52000045776367,114.76000213623047,83.08699798583984
2023-09-22,19.3799991607666,40.7400016784668,114.94000244140625,82.89129638671875
2023-09-25,19.40999984741211,40.47999954223633,116.2300033569336,82.97480010986328
2023-09-26,18.719999313354492,39.400001525878906,116.41000366210938,83.0282974243164
2023-09-27,19.295000076293945,37.279998779296875,120.19999694824219,83.29869842529297
2023-09-28,19.559999465942383,37.029998779296875,119.47000122070312,83.22270202636719
2023-09-29,19.920000076293945,36.95000076293945,117.58000183105469,83.19300079345703
2023-10-02,19.3700008392334,35.540000915527344,115.62999725341797,83.03479766845703
2023-10-03,18.600000381469727,35.209999084472656,115.83000183105469,83.3593978881836
2023-10-04,18.90999984741211,35.43000030517578,111.5,83.22979736328125
2023-10-05,18.81999969482422,36.349998474121094,108.98999786376953,83.44979858398438
2023-10-06,19.510000228881836,37.79999923706055,107.16999816894531,83.22489929199219
2023-10-09,19.100000381469727,37.630001068115234,110.91999816894531,83.12460327148438
2023-10-10,18.700000762939453,38.439998626708984,110.44999694824219,83.27030181884766
2023-10-11,18.700000762939453,39.11000061035156,106.48999786376953,83.25029754638672
2023-10-12,17.920000076293945,38.779998779296875,106.47000122070312,83.21800231933594
2023-10-13,17.739999771118164,39.43000030517578,109.87000274658203,83.26239776611328
2023-10-16,18.579999923706055,40.04999923706055,109.94999694824219,83.28230285644531
2023-10-17,19.049999237060547,40.470001220703125,111.38999938964844,83.19950103759766
2023-10-18,18.920000076293945,39.91999816894531,112.94999694824219,83.26429748535156
2023-10-19,18.959999084472656,39.45000076293945,113.0199966430664,83.26860046386719
2023-10-20,18.549999237060547,38.79999923706055,111.08000183105469,83.12229919433594
2023-10-23,18.290000915527344,38.439998626708984,109.44999694824219,83.15979766845703
2023-10-24,18.6299991607666,38.45000076293945,108.38999938964844,83.02940368652344
2023-10-25,17.709999084472656,36.7599983215332,108.58999633789062,82.98780059814453
2023-10-26,17.670000076293945,37.47999954223633,107.5999984741211,83.1709976196289
2023-10-27,17.670000076293945,38.970001220703125,105.55000305175781,83.28250122070312
2023-10-30,17.6200008392334,38.70000076293945,105.87999725341797,83.41339874267578
2023-10-31,17.940000534057617,37.470001220703125,105.8499984741211,83.29650115966797
2023-11-01,17.549999237060547,37.27000045776367,105.63999938964844,83.2771987915039
2023-11-02,18.239999771118164,37.959999084472656,109.11000061035156,85.19400024414062
2023-11-03,19.0,39.02000045776367,107.77999877929688,83.24729919433594
2023-11-06,18.31999969482422,37.880001068115234,105.87000274658203,83.15850067138672
2023-11-07,18.920000076293945,36.65999984741211,104.20999908447266,83.2228012084961
2023-11-08,18.25,34.779998779296875,102.93000030517578,83.23269653320312
2023-11-09,17.049999237060547,33.95000076293945,102.95999908447266,83.21769714355469
2023-11-10,17.450000762939453,34.20000076293945,103.75,83.31939697265625
2023-11-13,17.18000030517578,34.20000076293945,104.83999633789062,83.29889678955078
2023-11-14,18.31999969482422,36.09000015258789,104.29000091552734,83.19760131835938
2023-11-15,18.170000076293945,36.369998931884766,103.66000366210938,82.98159790039062
2023-11-16,17.760000228881836,36.560001373291016,102.45999908447266,83.18620300292969
2023-11-17,18.559999465942383,36.349998474121094,104.95999908447266,83.12030029296875
2023-11-20,18.920000076293945,36.560001373291016,104.5,83.29149627685547
2023-11-21,18.75,37.41999816894531,104.45999908447266,83.32219696044922
2023-11-22,18.889999389648438,37.689998626708984,104.01000213623047,83.345703125
2023-11-24,18.889999389648438,37.59000015258789,104.56999969482422,83.34400177001953
2023-11-27,18.959999084472656,38.18000030517578,103.95999908447266,83.31449890136719
2023-11-28,19.489999771118164,40.56999969482422,103.9000015258789,83.364501953125
2023-11-29,20.450000762939453,40.380001068115234,102.33999633789062,83.41809844970703
2023-11-30,20.020000457763672,40.189998626708984,102.73999786376953,83.3302993774414
2023-12-01,21.209999084472656,41.20000076293945,102.98999786376953,83.35269927978516
2023-12-04,20.6299991607666,40.540000915527344,102.43000030517578,83.21859741210938
2023-12-05,20.8799991607666,39.88999938964844,100.44000244140625,83.41709899902344
2023-12-06,20.5,39.689998626708984,99.11000061035156,83.31590270996094
2023-12-07,20.06999969482422,39.72999954223633,98.41999816894531,83.28959655761719
2023-12-08,20.260000228881836,39.08000183105469,99.55000305175781,83.35489654541016
2023-12-11,20.530000686645508,38.869998931884766,99.62000274658203,83.43009948730469
2023-12-12,21.239999771118164,37.77000045776367,98.05000305175781,83.34349822998047
2023-12-13,22.190000534057617,40.0,98.91999816894531,83.39600372314453
2023-12-14,23.540000915527344,41.150001525878906,101.58000183105469,83.2853012084961
2023-12-15,24.149999618530273,40.869998931884766,100.9000015258789,83.29660034179688
2023-12-18,24.190000534057617,41.09000015258789,101.6500015258789,83.04170227050781
2023-12-19,24.479999542236328,41.77000045776367,102.98999786376953,83.11119842529297
2023-12-20,23.559999465942383,41.119998931884766,101.2699966430664,83.09159851074219
2023-12-21,24.079999923706055,41.43000030517578,101.7300033569336,83.26719665527344
2023-12-22,23.959999084472656,42.060001373291016,101.91000366210938,83.13159942626953
2023-12-26,23.84000015258789,41.90999984741211,102.13999938964844,83.17230224609375
2023-12-27,23.729999542236328,42.380001068115234,101.66000366210938,83.18280029296875
2023-12-28,24.0,41.70000076293945,100.19000244140625,83.26719665527344
2023-12-29,23.489999771118164,41.38999938964844,99.9800033569336,82.302001953125
2024-01-02,22.079999923706055,40.90999984741211,102.36000061035156,83.20259857177734
2024-01-03,21.510000228881836,40.0,103.22000122070312,83.25700378417969
2024-01-04,21.469999313354492,40.119998931884766,102.31999969482422,83.31809997558594
2024-01-05,21.90999984741211,40.34000015258789,102.62999725341797,83.2406005859375
2024-01-08,22.700000762939453,40.22999954223633,100.91999816894531,83.19110107421875
2024-01-09,22.860000610351562,38.68000030517578,99.66999816894531,83.05069732666016
2024-01-10,23.31999969482422,37.95000076293945,98.69000244140625,83.131103515625
2024-01-11,23.469999313354492,37.52000045776367,98.66999816894531,83.02559661865234
2024-01-12,23.59000015258789,37.63999938964844,99.94999694824219,83.07610321044922
2024-01-16,23.280000686645508,36.0099983215332,97.69000244140625,82.8593978881836
2024-01-17,22.3799991607666,34.72999954223633,96.9800033569336,83.08899688720703
2024-01-18,22.299999237060547,34.619998931884766,96.80000305175781,83.17759704589844
2024-01-19,21.239999771118164,34.58000183105469,96.94999694824219,83.16059875488281
2024-01-22,21.969999313354492,35.0,96.81999969482422,83.12470245361328
2024-01-23,21.979999542236328,35.36000061035156,97.91000366210938,83.09510040283203
2024-01-24,21.65999984741211,34.439998626708984,99.5999984741211,83.22139739990234
2024-01-25,21.889999389648438,34.4900016784668,102.12999725341797,83.09760284423828
2024-01-26,22.139999389648438,34.209999084472656,103.0,83.14610290527344
2024-01-29,23.290000915527344,34.650001525878906,103.12999725341797,83.12129974365234
2024-01-30,23.1200008392334,34.5099983215332,104.8499984741211,83.1530990600586
2024-01-31,22.200000762939453,34.5099983215332,102.80999755859375,83.10970306396484
2024-02-01,22.760000228881836,35.61000061035156,102.38999938964844,83.05359649658203
2024-02-02,22.329999923706055,34.40999984741211,101.97000122070312,82.92759704589844
2024-02-05,21.65999984741211,33.36000061035156,101.55000305175781,82.99929809570312
2024-02-06,21.81999969482422,33.65999984741211,102.25,83.10369873046875
2024-02-07,21.149999618530273,33.650001525878906,102.22000122070312,83.07060241699219
2024-02-08,21.360000610351562,33.34000015258789,103.97000122070312,83.01260375976562
2024-02-09,21.709999084472656,32.790000915527344,101.7699966430664,82.98529815673828
2024-02-12,21.579999923706055,33.560001373291016,103.16999816894531,83.0145034790039
2024-02-13,20.739999771118164,32.040000915527344,101.33999633789062,82.99019622802734
2024-02-14,21.270000457763672,32.119998931884766,100.83999633789062,83.07460021972656
2024-02-15,20.709999084472656,33.08000183105469,103.7300033569336,83.04309844970703
2024-02-16,20.690000534057617,33.43000030517578,103.7300033569336,83.00959777832031
2024-02-20,20.950000762939453,33.189998626708984,102.75,83.02100372314453
2024-02-21,20.329999923706055,33.43000030517578,104.8499984741211,82.8291015625
2024-02-22,20.139999389648438,30.889999389648438,104.76000213623047,82.93840026855469
2024-02-23,20.25,31.280000686645508,103.83999633789062,82.87229919433594
2024-02-26,20.43000030517578,30.010000228881836,104.25,82.88179779052734
2024-02-27,20.8799991607666,29.860000610351562,104.02999877929688,82.85199737548828
2024-02-28,20.110000610351562,29.8700008392334,104.31999969482422,82.94819641113281
2024-02-29,20.440000534057617,31.25,104.5199966430664,82.91190338134766
2024-03-01,20.260000228881836,31.940000534057617,105.83999633789062,82.910400390625
2024-03-04,19.719999313354492,33.47999954223633,104.36000061035156,82.84609985351562
2024-03-05,18.3700008392334,33.34000015258789,105.63999938964844,82.9104995727539
2024-03-06,18.639999389648438,33.619998931884766,106.7699966430664,82.88480377197266
2024-03-07,18.549999237060547,33.88999938964844,107.37000274658203,82.81909942626953
2024-03-08,18.6299991607666,33.90999984741211,108.37999725341797,82.7522964477539
2024-03-11,19.09000015258789,35.2400016784668,109.0199966430664,82.7520980834961
2024-03-12,18.65999984741211,33.880001068115234,108.31999969482422,82.7782974243164
2024-03-13,18.739999771118164,34.369998931884766,109.52999877929688,82.83509826660156
2024-03-14,18.030000686645508,34.209999084472656,111.47000122070312,82.83110046386719
2024-03-15,17.770000457763672,33.880001068115234,111.2699966430664,82.9655990600586
2024-03-18,17.969999313354492,34.41999816894531,112.30000305175781,82.88890075683594
2024-03-19,18.350000381469727,33.560001373291016,113.08999633789062,82.86360168457031
2024-03-20,18.59000015258789,34.29999923706055,112.98999786376953,83.04239654541016
2024-03-21,18.5,34.529998779296875,113.48999786376953,83.05460357666016
2024-03-22,18.290000915527344,33.77000045776367,113.48999786376953,83.22660064697266
2024-03-25,18.229999542236328,33.91999816894531,114.6500015258789,83.59359741210938
2024-03-26,17.920000076293945,34.0,113.79000091552734,83.41739654541016
2024-03-27,18.09000015258789,35.25,114.97000122070312,83.34549713134766
2024-03-28,18.209999084472656,35.84000015258789,116.23999786376953,83.36499786376953
2024-04-01,18.25,36.43000030517578,116.98999786376953,83.36479949951172
2024-04-02,17.790000915527344,36.790000915527344,119.27999877929688,83.40969848632812
2024-04-03,17.65999984741211,37.22999954223633,119.30000305175781,83.35030364990234
2024-04-04,18.010000228881836,37.720001220703125,119.72000122070312,83.37329864501953
2024-04-05,18.170000076293945,39.650001525878906,121.37000274658203,83.47779846191406
2024-04-08,18.639999389648438,39.400001525878906,120.55000305175781,83.29679870605469
2024-04-09,18.760000228881836,39.66999816894531,121.18000030517578,83.26959991455078
2024-04-10,17.959999084472656,39.060001373291016,122.19999694824219,83.22429656982422
2024-04-11,18.280000686645508,39.06999969482422,121.79000091552734,83.4126968383789
2024-04-12,17.959999084472656,38.63999938964844,120.37000274658203,83.34929656982422
2024-04-15,17.100000381469727,38.439998626708984,119.68000030517578,83.61109924316406
2024-04-16,17.299999237060547,38.11000061035156,118.69000244140625,83.50599670410156
2024-04-17,17.690000534057617,38.560001373291016,118.62999725341797,83.6675033569336
2024-04-18,17.649999618530273,38.54999923706055,118.5199966430664,83.5958023071289
2024-04-19,17.59000015258789,39.02000045776367,119.87999725341797,83.54499816894531
2024-04-22,18.15999984741211,37.459999084472656,120.55999755859375,83.38529968261719
2024-04-23,18.350000381469727,37.709999084472656,121.02999877929688,83.38619995117188
2024-04-24,18.520000457763672,38.599998474121094,121.05000305175781,83.2833023071289
2024-04-25,18.559999465942383,43.40999984741211,121.33000183105469,83.3405990600586
2024-04-26,18.440000534057617,42.72999954223633,117.95999908447266,83.30180358886719
2024-04-29,18.420000076293945,42.2599983215332,119.63999938964844,83.40229797363281
2024-04-30,17.850000381469727,40.63999938964844,118.2699966430664,83.45110321044922
2024-05-01,18.25,40.58000183105469,116.02999877929688,83.49839782714844
2024-05-02,14.670000076293945,41.04999923706055,116.23999786376953,83.40640258789062
2024-05-03,14.029999732971191,40.65999984741211,116.0,83.40630340576172
2024-05-06,14.130000114440918,41.38999938964844,116.75,83.37999725341797
2024-05-07,14.260000228881836,41.439998626708984,116.16999816894531,83.4728012084961
2024-05-08,13.819999694824219,41.540000915527344,116.1500015258789,83.46990203857422
2024-05-09,13.829999923706055,42.84000015258789,118.44000244140625,83.46430206298828
2024-05-10,13.710000038146973,42.4900016784668,117.95999908447266,83.45939636230469
2024-05-13,13.739999771118164,42.459999084472656,117.91000366210938,83.5248031616211
2024-05-14,13.75,42.56999969482422,117.66999816894531,83.50550079345703
2024-05-15,13.9399995803833,43.189998626708984,118.58000183105469,83.52420043945312
2024-05-16,13.84000015258789,42.84000015258789,117.87000274658203,83.40509796142578
2024-05-17,13.640000343322754,43.7400016784668,119.63999938964844,83.47010040283203
